title	date	link	author
Attacking the Organism: Telecom Service Providers		https://www.securityweek.com//attacking-organism-telecom-service-providers	Preston Hogue
Securing a Connected Future: 5G and IoT Security		https://www.securityweek.com//securing-connected-future-5g-and-iot-security	Seema Haji
The Time is Now to Secure for 5G		https://www.securityweek.com//time-now-secure-5g	Laurence Pitt
Network Security Planning: Steps for Safely Enabling Mobile Devices		https://www.securityweek.com//network-security-planning-steps-safely-enabling-mobile-devices	Danelle Au
Seven Habits for the Security Conscious		https://www.securityweek.com//seven-habits-security-conscious	Jon-Louis Heimerl
How Logging On From Starbucks Can Compromise Your Corporate Security		https://www.securityweek.com//how-logging-starbucks-can-compromise-your-corporate-security	Ram Mohan
SecurityWeek Top 25 Picks for 2010		https://www.securityweek.com//securityweek-top-25-picks-2010	Mike Lennon
Unspoofable Device Identity Using NAND Flash Memory		https://www.securityweek.com//unspoofable-device-identity-using-nand-flash-memory	Markus Jakobsson
Attacking the Organism: Telecom Service Providers		https://www.securityweek.com//attacking-organism-telecom-service-providers	Preston Hogue
Securing a Connected Future: 5G and IoT Security		https://www.securityweek.com//securing-connected-future-5g-and-iot-security	Seema Haji
The Time is Now to Secure for 5G		https://www.securityweek.com//time-now-secure-5g	Laurence Pitt
Network Security Planning: Steps for Safely Enabling Mobile Devices		https://www.securityweek.com//network-security-planning-steps-safely-enabling-mobile-devices	Danelle Au
Seven Habits for the Security Conscious		https://www.securityweek.com//seven-habits-security-conscious	Jon-Louis Heimerl
How Logging On From Starbucks Can Compromise Your Corporate Security		https://www.securityweek.com//how-logging-starbucks-can-compromise-your-corporate-security	Ram Mohan
SecurityWeek Top 25 Picks for 2010		https://www.securityweek.com//securityweek-top-25-picks-2010	Mike Lennon
Unspoofable Device Identity Using NAND Flash Memory		https://www.securityweek.com//unspoofable-device-identity-using-nand-flash-memory	Markus Jakobsson
Attacking the Organism: Telecom Service Providers		https://www.securityweek.com//attacking-organism-telecom-service-providers	Preston Hogue
Securing a Connected Future: 5G and IoT Security		https://www.securityweek.com//securing-connected-future-5g-and-iot-security	Seema Haji
The Time is Now to Secure for 5G		https://www.securityweek.com//time-now-secure-5g	Laurence Pitt
Network Security Planning: Steps for Safely Enabling Mobile Devices		https://www.securityweek.com//network-security-planning-steps-safely-enabling-mobile-devices	Danelle Au
Seven Habits for the Security Conscious		https://www.securityweek.com//seven-habits-security-conscious	Jon-Louis Heimerl
How Logging On From Starbucks Can Compromise Your Corporate Security		https://www.securityweek.com//how-logging-starbucks-can-compromise-your-corporate-security	Ram Mohan
SecurityWeek Top 25 Picks for 2010		https://www.securityweek.com//securityweek-top-25-picks-2010	Mike Lennon
Unspoofable Device Identity Using NAND Flash Memory		https://www.securityweek.com//unspoofable-device-identity-using-nand-flash-memory	Markus Jakobsson
Attacking the Organism: Telecom Service Providers		https://www.securityweek.com//attacking-organism-telecom-service-providers	Preston Hogue
Securing a Connected Future: 5G and IoT Security		https://www.securityweek.com//securing-connected-future-5g-and-iot-security	Seema Haji
The Time is Now to Secure for 5G		https://www.securityweek.com//time-now-secure-5g	Laurence Pitt
Network Security Planning: Steps for Safely Enabling Mobile Devices		https://www.securityweek.com//network-security-planning-steps-safely-enabling-mobile-devices	Danelle Au
Seven Habits for the Security Conscious		https://www.securityweek.com//seven-habits-security-conscious	Jon-Louis Heimerl
How Logging On From Starbucks Can Compromise Your Corporate Security		https://www.securityweek.com//how-logging-starbucks-can-compromise-your-corporate-security	Ram Mohan
SecurityWeek Top 25 Picks for 2010		https://www.securityweek.com//securityweek-top-25-picks-2010	Mike Lennon
Unspoofable Device Identity Using NAND Flash Memory		https://www.securityweek.com//unspoofable-device-identity-using-nand-flash-memory	Markus Jakobsson
Attacking the Organism: Telecom Service Providers		https://www.securityweek.com//attacking-organism-telecom-service-providers	Preston Hogue
Securing a Connected Future: 5G and IoT Security		https://www.securityweek.com//securing-connected-future-5g-and-iot-security	Seema Haji
The Time is Now to Secure for 5G		https://www.securityweek.com//time-now-secure-5g	Laurence Pitt
Network Security Planning: Steps for Safely Enabling Mobile Devices		https://www.securityweek.com//network-security-planning-steps-safely-enabling-mobile-devices	Danelle Au
Seven Habits for the Security Conscious		https://www.securityweek.com//seven-habits-security-conscious	Jon-Louis Heimerl
How Logging On From Starbucks Can Compromise Your Corporate Security		https://www.securityweek.com//how-logging-starbucks-can-compromise-your-corporate-security	Ram Mohan
SecurityWeek Top 25 Picks for 2010		https://www.securityweek.com//securityweek-top-25-picks-2010	Mike Lennon
Unspoofable Device Identity Using NAND Flash Memory		https://www.securityweek.com//unspoofable-device-identity-using-nand-flash-memory	Markus Jakobsson
